"year","team","conference","wins","losses","ties","winPct","pct","pointsFor","pointsAgainst","netPoints","homeRecord","roadRecord","divisionRecord","conferenceRecord","nonConferenceRecord","streak","last5","year_winner","year_winner_name"
2019,"Baltimore Ravens","AFC",14,2,0,0.875,0.01,0.875,531,282,"249","7 - 1 - 0","7 - 1 - 0","5 - 1 - 0","0.833","10 - 2 - 0","0.833",0,"Kansas City Chiefs"
2019,"Kansas City Chiefs","AFC",12,4,0,0.75,0.02,0.75,451,308,"143","5 - 3 - 0","7 - 1 - 0","6 - 0 - 0","1.000","9 - 3 - 0","0.750",1,"Kansas City Chiefs"
2019,"New England Patriots","AFC",12,4,0,0.75,0.03,0.75,420,225,"195","6 - 2 - 0","6 - 2 - 0","5 - 1 - 0","0.833","8 - 4 - 0","0.667",0,"Kansas City Chiefs"
2019,"Houston Texans","AFC",10,6,0,0.625,0.04,0.625,378,385,"-7","5 - 3 - 0","5 - 3 - 0","4 - 2 - 0","0.667","8 - 4 - 0","0.667",0,"Kansas City Chiefs"
2019,"Buffalo Bills","AFC",10,6,0,0.625,0.05,0.625,314,259,"55","4 - 4 - 0","6 - 2 - 0","3 - 3 - 0","0.500","7 - 5 - 0","0.583",0,"Kansas City Chiefs"
2019,"Tennessee Titans","AFC",9,7,0,0.5625,0.06,0.563,402,331,"71","4 - 4 - 0","5 - 3 - 0","3 - 3 - 0","0.500","7 - 5 - 0","0.583",0,"Kansas City Chiefs"
2019,"Pittsburgh Steelers","AFC",8,8,0,0.5,0.07,0.5,289,303,"-14","5 - 3 - 0","3 - 5 - 0","3 - 3 - 0","0.500","6 - 6 - 0","0.500",0,"Kansas City Chiefs"
2019,"Denver Broncos","AFC",7,9,0,0.4375,0.08,0.438,282,316,"-34","5 - 3 - 0","2 - 6 - 0","3 - 3 - 0","0.500","6 - 6 - 0","0.500",0,"Kansas City Chiefs"
2019,"Las Vegas Raiders","AFC",7,9,0,0.4375,0.09,0.438,313,419,"-106","5 - 3 - 0","2 - 6 - 0","3 - 3 - 0","0.500","5 - 7 - 0","0.417",0,"Kansas City Chiefs"
2019,"Indianapolis Colts","AFC",7,9,0,0.4375,0.1,0.438,361,373,"-12","5 - 3 - 0","2 - 6 - 0","3 - 3 - 0","0.500","5 - 7 - 0","0.417",0,"Kansas City Chiefs"
2019,"New York Jets","AFC",7,9,0,0.4375,0.11,0.438,276,359,"-83","5 - 3 - 0","2 - 6 - 0","2 - 4 - 0","0.333","4 - 8 - 0","0.333",0,"Kansas City Chiefs"
2019,"Jacksonville Jaguars","AFC",6,10,0,0.375,0.12,0.375,300,397,"-97","3 - 5 - 0","3 - 5 - 0","2 - 4 - 0","0.333","6 - 6 - 0","0.500",0,"Kansas City Chiefs"
2019,"Cleveland Browns","AFC",6,10,0,0.375,0.13,0.375,335,393,"-58","4 - 4 - 0","2 - 6 - 0","3 - 3 - 0","0.500","6 - 6 - 0","0.500",0,"Kansas City Chiefs"
2019,"Los Angeles Chargers","AFC",5,11,0,0.3125,0.14,0.313,337,345,"-8","2 - 6 - 0","3 - 5 - 0","0 - 6 - 0","0.000","3 - 9 - 0","0.250",0,"Kansas City Chiefs"
2019,"Miami Dolphins","AFC",5,11,0,0.3125,0.15,0.313,306,494,"-188","3 - 5 - 0","2 - 6 - 0","2 - 4 - 0","0.333","4 - 8 - 0","0.333",0,"Kansas City Chiefs"
2019,"Cincinnati Bengals","AFC",2,14,0,0.125,0.16,0.125,279,420,"-141","2 - 6 - 0","0 - 8 - 0","1 - 5 - 0","0.167","2 - 10 - 0","0.167",0,"Kansas City Chiefs"
2019,"San Francisco 49ers","NFC",13,3,0,0.8125,0.01,0.813,479,310,"169","6 - 2 - 0","7 - 1 - 0","5 - 1 - 0","0.833","10 - 2 - 0","0.833",0,"Kansas City Chiefs"
2019,"Green Bay Packers","NFC",13,3,0,0.8125,0.02,0.813,376,313,"63","7 - 1 - 0","6 - 2 - 0","6 - 0 - 0","1.000","10 - 2 - 0","0.833",0,"Kansas City Chiefs"
2019,"New Orleans Saints","NFC",13,3,0,0.8125,0.03,0.813,458,341,"117","6 - 2 - 0","7 - 1 - 0","5 - 1 - 0","0.833","9 - 3 - 0","0.750",0,"Kansas City Chiefs"
2019,"Seattle Seahawks","NFC",11,5,0,0.6875,0.05,0.688,405,398,"7","4 - 4 - 0","7 - 1 - 0","3 - 3 - 0","0.500","8 - 4 - 0","0.667",0,"Kansas City Chiefs"
2019,"Minnesota Vikings","NFC",10,6,0,0.625,0.06,0.625,407,303,"104","6 - 2 - 0","4 - 4 - 0","2 - 4 - 0","0.333","7 - 5 - 0","0.583",0,"Kansas City Chiefs"
2019,"Philadelphia Eagles","NFC",9,7,0,0.5625,0.04,0.563,385,354,"31","5 - 3 - 0","4 - 4 - 0","5 - 1 - 0","0.833","7 - 5 - 0","0.583",0,"Kansas City Chiefs"
2019,"Los Angeles Rams","NFC",9,7,0,0.5625,0.07,0.563,394,364,"30","5 - 3 - 0","4 - 4 - 0","3 - 3 - 0","0.500","7 - 5 - 0","0.583",0,"Kansas City Chiefs"
2019,"Chicago Bears","NFC",8,8,0,0.5,0.08,0.5,280,298,"-18","4 - 4 - 0","4 - 4 - 0","4 - 2 - 0","0.667","7 - 5 - 0","0.583",0,"Kansas City Chiefs"
2019,"Dallas Cowboys","NFC",8,8,0,0.5,0.09,0.5,434,321,"113","5 - 3 - 0","3 - 5 - 0","5 - 1 - 0","0.833","7 - 5 - 0","0.583",0,"Kansas City Chiefs"
2019,"Atlanta Falcons","NFC",7,9,0,0.4375,0.1,0.438,381,399,"-18","3 - 5 - 0","4 - 4 - 0","4 - 2 - 0","0.667","6 - 6 - 0","0.500",0,"Kansas City Chiefs"
2019,"Tampa Bay Buccaneers","NFC",7,9,0,0.4375,0.11,0.438,458,449,"9","2 - 6 - 0","5 - 3 - 0","2 - 4 - 0","0.333","5 - 7 - 0","0.417",0,"Kansas City Chiefs"
2019,"Arizona Cardinals","NFC",5,10,1,0.3125,0.12,0.344,361,442,"-81","2 - 5 - 1","3 - 5 - 0","1 - 5 - 0","0.167","3 - 8 - 1","0.292",0,"Kansas City Chiefs"
2019,"Carolina Panthers","NFC",5,11,0,0.3125,0.13,0.313,340,470,"-130","2 - 6 - 0","3 - 5 - 0","1 - 5 - 0","0.167","2 - 10 - 0","0.167",0,"Kansas City Chiefs"
2019,"New York Giants","NFC",4,12,0,0.25,0.14,0.25,341,451,"-110","2 - 6 - 0","2 - 6 - 0","2 - 4 - 0","0.333","3 - 9 - 0","0.250",0,"Kansas City Chiefs"
2019,"Detroit Lions","NFC",3,12,1,0.1875,0.15,0.219,341,423,"-82","2 - 6 - 0","1 - 6 - 1","0 - 6 - 0","0.000","2 - 9 - 1","0.208",0,"Kansas City Chiefs"
2019,"Washington Commanders","NFC",3,13,0,0.1875,0.16,0.188,266,435,"-169","1 - 7 - 0","2 - 6 - 0","0 - 6 - 0","0.000","2 - 10 - 0","0.167",0,"Kansas City Chiefs"
2020,"Kansas City Chiefs","AFC",14,2,0,0.875,0.01,0.875,473,362,"111","6 - 2 - 0","8 - 0 - 0","4 - 2 - 0","0.667","10 - 2 - 0","0.833",0,"Tampa Bay Buccaneers"
2020,"Buffalo Bills","AFC",13,3,0,0.8125,0.02,0.813,501,375,"126","7 - 1 - 0","6 - 2 - 0","6 - 0 - 0","1.000","10 - 2 - 0","0.833",0,"Tampa Bay Buccaneers"
2020,"Pittsburgh Steelers","AFC",12,4,0,0.75,0.03,0.75,416,312,"104","7 - 1 - 0","5 - 3 - 0","4 - 2 - 0","0.667","9 - 3 - 0","0.750",0,"Tampa Bay Buccaneers"
2020,"Tennessee Titans","AFC",11,5,0,0.6875,0.04,0.688,491,439,"52","5 - 3 - 0","6 - 2 - 0","5 - 1 - 0","0.833","8 - 4 - 0","0.667",0,"Tampa Bay Buccaneers"
2020,"Baltimore Ravens","AFC",11,5,0,0.6875,0.05,0.688,468,303,"165","5 - 3 - 0","6 - 2 - 0","4 - 2 - 0","0.667","7 - 5 - 0","0.583",0,"Tampa Bay Buccaneers"
2020,"Cleveland Browns","AFC",11,5,0,0.6875,0.06,0.688,408,419,"-11","6 - 2 - 0","5 - 3 - 0","3 - 3 - 0","0.500","7 - 5 - 0","0.583",0,"Tampa Bay Buccaneers"
2020,"Indianapolis Colts","AFC",11,5,0,0.6875,0.07,0.688,451,362,"89","6 - 2 - 0","5 - 3 - 0","4 - 2 - 0","0.667","7 - 5 - 0","0.583",0,"Tampa Bay Buccaneers"
2020,"Miami Dolphins","AFC",10,6,0,0.625,0.08,0.625,404,338,"66","5 - 3 - 0","5 - 3 - 0","3 - 3 - 0","0.500","7 - 5 - 0","0.583",0,"Tampa Bay Buccaneers"
2020,"Las Vegas Raiders","AFC",8,8,0,0.5,0.09,0.5,434,478,"-44","2 - 6 - 0","6 - 2 - 0","4 - 2 - 0","0.667","6 - 6 - 0","0.500",0,"Tampa Bay Buccaneers"
2020,"New England Patriots","AFC",7,9,0,0.4375,0.1,0.438,326,353,"-27","5 - 3 - 0","2 - 6 - 0","3 - 3 - 0","0.500","6 - 6 - 0","0.500",0,"Tampa Bay Buccaneers"
2020,"Los Angeles Chargers","AFC",7,9,0,0.4375,0.11,0.438,384,426,"-42","4 - 4 - 0","3 - 5 - 0","3 - 3 - 0","0.500","6 - 6 - 0","0.500",0,"Tampa Bay Buccaneers"
2020,"Denver Broncos","AFC",5,11,0,0.3125,0.12,0.313,323,446,"-123","2 - 6 - 0","3 - 5 - 0","1 - 5 - 0","0.167","4 - 8 - 0","0.333",0,"Tampa Bay Buccaneers"
2020,"Cincinnati Bengals","AFC",4,11,1,0.25,0.13,0.281,311,424,"-113","3 - 5 - 0","1 - 6 - 1","1 - 5 - 0","0.167","4 - 8 - 0","0.333",0,"Tampa Bay Buccaneers"
2020,"Houston Texans","AFC",4,12,0,0.25,0.14,0.25,384,464,"-80","2 - 6 - 0","2 - 6 - 0","2 - 4 - 0","0.333","3 - 9 - 0","0.250",0,"Tampa Bay Buccaneers"
2020,"New York Jets","AFC",2,14,0,0.125,0.15,0.125,243,457,"-214","1 - 7 - 0","1 - 7 - 0","0 - 6 - 0","0.000","1 - 11 - 0","0.083",0,"Tampa Bay Buccaneers"
2020,"Jacksonville Jaguars","AFC",1,15,0,0.0625,0.16,0.063,306,492,"-186","1 - 7 - 0","0 - 8 - 0","1 - 5 - 0","0.167","1 - 11 - 0","0.083",0,"Tampa Bay Buccaneers"
2020,"Green Bay Packers","NFC",13,3,0,0.8125,0.01,0.813,509,369,"140","7 - 1 - 0","6 - 2 - 0","5 - 1 - 0","0.833","10 - 2 - 0","0.833",0,"Tampa Bay Buccaneers"
2020,"New Orleans Saints","NFC",12,4,0,0.75,0.02,0.75,482,337,"145","6 - 2 - 0","6 - 2 - 0","6 - 0 - 0","1.000","10 - 2 - 0","0.833",0,"Tampa Bay Buccaneers"
2020,"Seattle Seahawks","NFC",12,4,0,0.75,0.03,0.75,459,371,"88","7 - 1 - 0","5 - 3 - 0","4 - 2 - 0","0.667","9 - 3 - 0","0.750",0,"Tampa Bay Buccaneers"
2020,"Tampa Bay Buccaneers","NFC",11,5,0,0.6875,0.05,0.688,492,355,"137","5 - 3 - 0","6 - 2 - 0","4 - 2 - 0","0.667","8 - 4 - 0","0.667",1,"Tampa Bay Buccaneers"
2020,"Los Angeles Rams","NFC",10,6,0,0.625,0.06,0.625,372,296,"76","6 - 2 - 0","4 - 4 - 0","3 - 3 - 0","0.500","9 - 3 - 0","0.750",0,"Tampa Bay Buccaneers"
2020,"Chicago Bears","NFC",8,8,0,0.5,0.07,0.5,372,370,"2","3 - 5 - 0","5 - 3 - 0","2 - 4 - 0","0.333","6 - 6 - 0","0.500",0,"Tampa Bay Buccaneers"
2020,"Arizona Cardinals","NFC",8,8,0,0.5,0.08,0.5,410,367,"43","4 - 4 - 0","4 - 4 - 0","2 - 4 - 0","0.333","6 - 6 - 0","0.500",0,"Tampa Bay Buccaneers"
2020,"Washington Commanders","NFC",7,9,0,0.4375,0.04,0.438,335,329,"6","3 - 5 - 0","4 - 4 - 0","4 - 2 - 0","0.667","5 - 7 - 0","0.417",0,"Tampa Bay Buccaneers"
2020,"Minnesota Vikings","NFC",7,9,0,0.4375,0.09,0.438,430,475,"-45","3 - 5 - 0","4 - 4 - 0","4 - 2 - 0","0.667","5 - 7 - 0","0.417",0,"Tampa Bay Buccaneers"
2020,"San Francisco 49ers","NFC",6,10,0,0.375,0.1,0.375,376,390,"-14","1 - 7 - 0","5 - 3 - 0","3 - 3 - 0","0.500","4 - 8 - 0","0.333",0,"Tampa Bay Buccaneers"
2020,"New York Giants","NFC",6,10,0,0.375,0.11,0.375,280,357,"-77","3 - 5 - 0","3 - 5 - 0","4 - 2 - 0","0.667","5 - 7 - 0","0.417",0,"Tampa Bay Buccaneers"
2020,"Dallas Cowboys","NFC",6,10,0,0.375,0.12,0.375,395,473,"-78","4 - 4 - 0","2 - 6 - 0","2 - 4 - 0","0.333","5 - 7 - 0","0.417",0,"Tampa Bay Buccaneers"
2020,"Carolina Panthers","NFC",5,11,0,0.3125,0.13,0.313,350,402,"-52","2 - 6 - 0","3 - 5 - 0","1 - 5 - 0","0.167","4 - 8 - 0","0.333",0,"Tampa Bay Buccaneers"
2020,"Detroit Lions","NFC",5,11,0,0.3125,0.14,0.313,377,519,"-142","1 - 7 - 0","4 - 4 - 0","1 - 5 - 0","0.167","4 - 8 - 0","0.333",0,"Tampa Bay Buccaneers"
2020,"Philadelphia Eagles","NFC",4,11,1,0.25,0.15,0.281,334,418,"-84","3 - 4 - 1","1 - 7 - 0","2 - 4 - 0","0.333","4 - 8 - 0","0.333",0,"Tampa Bay Buccaneers"
2020,"Atlanta Falcons","NFC",4,12,0,0.25,0.16,0.25,396,414,"-18","2 - 6 - 0","2 - 6 - 0","1 - 5 - 0","0.167","2 - 10 - 0","0.167",0,"Tampa Bay Buccaneers"
2021,"Tennessee Titans","AFC",12,5,0,0.7058823529411765,0.01,0.706,419,354,"65","7 - 2 - 0","5 - 3 - 0","5 - 1 - 0","0.833","8 - 4 - 0","0.667",0,"Los Angeles Rams"
2021,"Kansas City Chiefs","AFC",12,5,0,0.7058823529411765,0.02,0.706,480,364,"116","7 - 2 - 0","5 - 3 - 0","5 - 1 - 0","0.833","7 - 5 - 0","0.583",0,"Los Angeles Rams"
2021,"Buffalo Bills","AFC",11,6,0,0.6470588235294118,0.03,0.647,483,289,"194","6 - 3 - 0","5 - 3 - 0","5 - 1 - 0","0.833","7 - 5 - 0","0.583",0,"Los Angeles Rams"
2021,"Cincinnati Bengals","AFC",10,7,0,0.5882352941176471,0.04,0.588,460,376,"84","5 - 4 - 0","5 - 3 - 0","4 - 2 - 0","0.667","8 - 4 - 0","0.667",0,"Los Angeles Rams"
2021,"Las Vegas Raiders","AFC",10,7,0,0.5882352941176471,0.05,0.588,374,439,"-65","5 - 4 - 0","5 - 3 - 0","3 - 3 - 0","0.500","8 - 4 - 0","0.667",0,"Los Angeles Rams"
2021,"New England Patriots","AFC",10,7,0,0.5882352941176471,0.06,0.588,462,303,"159","4 - 5 - 0","6 - 2 - 0","3 - 3 - 0","0.500","8 - 4 - 0","0.667",0,"Los Angeles Rams"
2021,"Pittsburgh Steelers","AFC",9,7,1,0.5294117647058824,0.07,0.559,343,398,"-55","6 - 2 - 1","3 - 5 - 0","4 - 2 - 0","0.667","7 - 5 - 0","0.583",0,"Los Angeles Rams"
2021,"Indianapolis Colts","AFC",9,8,0,0.5294117647058824,0.08,0.529,451,365,"86","4 - 5 - 0","5 - 3 - 0","3 - 3 - 0","0.500","7 - 5 - 0","0.583",0,"Los Angeles Rams"
2021,"Miami Dolphins","AFC",9,8,0,0.5294117647058824,0.09,0.529,341,373,"-32","6 - 3 - 0","3 - 5 - 0","4 - 2 - 0","0.667","6 - 6 - 0","0.500",0,"Los Angeles Rams"
2021,"Los Angeles Chargers","AFC",9,8,0,0.5294117647058824,0.1,0.529,474,459,"15","5 - 4 - 0","4 - 4 - 0","3 - 3 - 0","0.500","6 - 6 - 0","0.500",0,"Los Angeles Rams"
2021,"Cleveland Browns","AFC",8,9,0,0.47058823529411764,0.11,0.471,349,371,"-22","6 - 3 - 0","2 - 6 - 0","3 - 3 - 0","0.500","5 - 7 - 0","0.417",0,"Los Angeles Rams"
2021,"Baltimore Ravens","AFC",8,9,0,0.47058823529411764,0.12,0.471,387,392,"-5","5 - 4 - 0","3 - 5 - 0","1 - 5 - 0","0.167","5 - 7 - 0","0.417",0,"Los Angeles Rams"
2021,"Denver Broncos","AFC",7,10,0,0.4117647058823529,0.13,0.412,335,322,"13","4 - 5 - 0","3 - 5 - 0","1 - 5 - 0","0.167","3 - 9 - 0","0.250",0,"Los Angeles Rams"
2021,"New York Jets","AFC",4,13,0,0.23529411764705882,0.14,0.235,310,504,"-194","3 - 6 - 0","1 - 7 - 0","0 - 6 - 0","0.000","4 - 8 - 0","0.333",0,"Los Angeles Rams"
2021,"Houston Texans","AFC",4,13,0,0.23529411764705882,0.15,0.235,280,452,"-172","2 - 7 - 0","2 - 6 - 0","3 - 3 - 0","0.500","4 - 8 - 0","0.333",0,"Los Angeles Rams"
2021,"Jacksonville Jaguars","AFC",3,14,0,0.17647058823529413,0.16,0.176,253,457,"-204","3 - 6 - 0","0 - 8 - 0","1 - 5 - 0","0.167","3 - 9 - 0","0.250",0,"Los Angeles Rams"
2021,"Green Bay Packers","NFC",13,4,0,0.7647058823529411,0.01,0.765,450,371,"79","8 - 0 - 0","5 - 4 - 0","4 - 2 - 0","0.667","9 - 3 - 0","0.750",0,"Los Angeles Rams"
2021,"Tampa Bay Buccaneers","NFC",13,4,0,0.7647058823529411,0.02,0.765,511,353,"158","7 - 1 - 0","6 - 3 - 0","4 - 2 - 0","0.667","8 - 4 - 0","0.667",0,"Los Angeles Rams"
2021,"Dallas Cowboys","NFC",12,5,0,0.7058823529411765,0.03,0.706,530,358,"172","5 - 3 - 0","7 - 2 - 0","6 - 0 - 0","1.000","10 - 2 - 0","0.833",0,"Los Angeles Rams"
2021,"Los Angeles Rams","NFC",12,5,0,0.7058823529411765,0.04,0.706,460,372,"88","5 - 3 - 0","7 - 2 - 0","3 - 3 - 0","0.500","8 - 4 - 0","0.667",1,"Los Angeles Rams"
2021,"Arizona Cardinals","NFC",11,6,0,0.6470588235294118,0.05,0.647,449,366,"83","3 - 5 - 0","8 - 1 - 0","4 - 2 - 0","0.667","7 - 5 - 0","0.583",0,"Los Angeles Rams"
2021,"San Francisco 49ers","NFC",10,7,0,0.5882352941176471,0.06,0.588,427,365,"62","4 - 4 - 0","6 - 3 - 0","2 - 4 - 0","0.333","7 - 5 - 0","0.583",0,"Los Angeles Rams"
2021,"Philadelphia Eagles","NFC",9,8,0,0.5294117647058824,0.07,0.529,444,385,"59","3 - 5 - 0","6 - 3 - 0","3 - 3 - 0","0.500","7 - 5 - 0","0.583",0,"Los Angeles Rams"
2021,"New Orleans Saints","NFC",9,8,0,0.5294117647058824,0.08,0.529,364,335,"29","3 - 5 - 0","6 - 3 - 0","4 - 2 - 0","0.667","7 - 5 - 0","0.583",0,"Los Angeles Rams"
2021,"Minnesota Vikings","NFC",8,9,0,0.47058823529411764,0.09,0.471,425,426,"-1","5 - 3 - 0","3 - 6 - 0","4 - 2 - 0","0.667","6 - 6 - 0","0.500",0,"Los Angeles Rams"
2021,"Washington Commanders","NFC",7,10,0,0.4117647058823529,0.1,0.412,335,434,"-99","3 - 5 - 0","4 - 5 - 0","2 - 4 - 0","0.333","6 - 6 - 0","0.500",0,"Los Angeles Rams"
2021,"Seattle Seahawks","NFC",7,10,0,0.4117647058823529,0.11,0.412,395,366,"29","3 - 5 - 0","4 - 5 - 0","3 - 3 - 0","0.500","4 - 8 - 0","0.333",0,"Los Angeles Rams"
2021,"Atlanta Falcons","NFC",7,10,0,0.4117647058823529,0.12,0.412,313,459,"-146","2 - 6 - 0","5 - 4 - 0","2 - 4 - 0","0.333","4 - 8 - 0","0.333",0,"Los Angeles Rams"
2021,"Chicago Bears","NFC",6,11,0,0.35294117647058826,0.13,0.353,311,407,"-96","3 - 5 - 0","3 - 6 - 0","2 - 4 - 0","0.333","4 - 8 - 0","0.333",0,"Los Angeles Rams"
2021,"Carolina Panthers","NFC",5,12,0,0.29411764705882354,0.14,0.294,304,404,"-100","2 - 6 - 0","3 - 6 - 0","2 - 4 - 0","0.333","3 - 9 - 0","0.250",0,"Los Angeles Rams"
2021,"New York Giants","NFC",4,13,0,0.23529411764705882,0.15,0.235,258,416,"-158","3 - 5 - 0","1 - 8 - 0","1 - 5 - 0","0.167","3 - 9 - 0","0.250",0,"Los Angeles Rams"
2021,"Detroit Lions","NFC",3,13,1,0.17647058823529413,0.16,0.206,325,467,"-142","3 - 5 - 0","0 - 8 - 1","2 - 4 - 0","0.333","3 - 9 - 0","0.250",0,"Los Angeles Rams"
2022,"Kansas City Chiefs","AFC",14,3,0,0.8235294117647058,0.01,0.824,496,369,"127","7 - 1 - 0","7 - 2 - 0","6 - 0 - 0","1.000","9 - 3 - 0","0.750",1,"Kansas City Chiefs"
2022,"Buffalo Bills","AFC",13,3,0,0.8125,0.02,0.813,455,286,"169","7 - 1 - 0","6 - 2 - 0","4 - 2 - 0","0.667","9 - 2 - 0","0.818",0,"Kansas City Chiefs"
2022,"Cincinnati Bengals","AFC",12,4,0,0.75,0.03,0.75,418,322,"96","6 - 1 - 0","6 - 3 - 0","3 - 3 - 0","0.500","8 - 3 - 0","0.727",0,"Kansas City Chiefs"
2022,"Los Angeles Chargers","AFC",10,7,0,0.5882352941176471,0.05,0.588,391,384,"7","5 - 3 - 0","5 - 4 - 0","2 - 4 - 0","0.333","7 - 5 - 0","0.583",0,"Kansas City Chiefs"
2022,"Baltimore Ravens","AFC",10,7,0,0.5882352941176471,0.06,0.588,350,315,"35","5 - 3 - 0","5 - 4 - 0","3 - 3 - 0","0.500","6 - 6 - 0","0.500",0,"Kansas City Chiefs"
2022,"Jacksonville Jaguars","AFC",9,8,0,0.5294117647058824,0.04,0.529,404,350,"54","5 - 3 - 0","4 - 5 - 0","4 - 2 - 0","0.667","8 - 4 - 0","0.667",0,"Kansas City Chiefs"
2022,"Miami Dolphins","AFC",9,8,0,0.5294117647058824,0.07,0.529,397,399,"-2","6 - 2 - 0","3 - 6 - 0","3 - 3 - 0","0.500","7 - 5 - 0","0.583",0,"Kansas City Chiefs"
2022,"Pittsburgh Steelers","AFC",9,8,0,0.5294117647058824,0.08,0.529,308,346,"-38","4 - 4 - 0","5 - 4 - 0","3 - 3 - 0","0.500","5 - 7 - 0","0.417",0,"Kansas City Chiefs"
2022,"New England Patriots","AFC",8,9,0,0.47058823529411764,0.09,0.471,364,347,"17","4 - 4 - 0","4 - 5 - 0","3 - 3 - 0","0.500","6 - 6 - 0","0.500",0,"Kansas City Chiefs"
2022,"New York Jets","AFC",7,10,0,0.4117647058823529,0.1,0.412,296,316,"-20","3 - 5 - 0","4 - 5 - 0","2 - 4 - 0","0.333","5 - 7 - 0","0.417",0,"Kansas City Chiefs"
2022,"Tennessee Titans","AFC",7,10,0,0.4117647058823529,0.11,0.412,298,359,"-61","3 - 5 - 0","4 - 5 - 0","3 - 3 - 0","0.500","5 - 7 - 0","0.417",0,"Kansas City Chiefs"
2022,"Cleveland Browns","AFC",7,10,0,0.4117647058823529,0.12,0.412,361,381,"-20","4 - 4 - 0","3 - 6 - 0","3 - 3 - 0","0.500","4 - 8 - 0","0.333",0,"Kansas City Chiefs"
2022,"Las Vegas Raiders","AFC",6,11,0,0.35294117647058826,0.13,0.353,395,418,"-23","4 - 4 - 0","2 - 7 - 0","3 - 3 - 0","0.500","5 - 7 - 0","0.417",0,"Kansas City Chiefs"
2022,"Denver Broncos","AFC",5,12,0,0.29411764705882354,0.14,0.294,287,359,"-72","4 - 4 - 0","1 - 8 - 0","1 - 5 - 0","0.167","3 - 9 - 0","0.250",0,"Kansas City Chiefs"
2022,"Indianapolis Colts","AFC",4,12,1,0.23529411764705882,0.15,0.265,289,427,"-138","2 - 6 - 0","2 - 6 - 1","1 - 4 - 1","0.250","4 - 7 - 1","0.375",0,"Kansas City Chiefs"
2022,"Houston Texans","AFC",3,13,1,0.17647058823529413,0.16,0.206,289,420,"-131","0 - 7 - 1","3 - 6 - 0","3 - 2 - 1","0.583","3 - 8 - 1","0.292",0,"Kansas City Chiefs"
2022,"Philadelphia Eagles","NFC",14,3,0,0.8235294117647058,0.01,0.824,477,344,"133","7 - 2 - 0","7 - 1 - 0","4 - 2 - 0","0.667","9 - 3 - 0","0.750",0,"Kansas City Chiefs"
2022,"San Francisco 49ers","NFC",13,4,0,0.7647058823529411,0.02,0.765,450,277,"173","8 - 1 - 0","5 - 3 - 0","6 - 0 - 0","1.000","10 - 2 - 0","0.833",0,"Kansas City Chiefs"
2022,"Minnesota Vikings","NFC",13,4,0,0.7647058823529411,0.03,0.765,424,427,"-3","8 - 1 - 0","5 - 3 - 0","4 - 2 - 0","0.667","8 - 4 - 0","0.667",0,"Kansas City Chiefs"
2022,"Dallas Cowboys","NFC",12,5,0,0.7058823529411765,0.05,0.706,467,342,"125","8 - 1 - 0","4 - 4 - 0","4 - 2 - 0","0.667","8 - 4 - 0","0.667",0,"Kansas City Chiefs"
2022,"New York Giants","NFC",9,7,1,0.5294117647058824,0.06,0.559,365,371,"-6","5 - 3 - 1","4 - 4 - 0","1 - 4 - 1","0.250","4 - 7 - 1","0.375",0,"Kansas City Chiefs"
2022,"Seattle Seahawks","NFC",9,8,0,0.5294117647058824,0.07,0.529,407,401,"6","5 - 4 - 0","4 - 4 - 0","4 - 2 - 0","0.667","6 - 6 - 0","0.500",0,"Kansas City Chiefs"
2022,"Detroit Lions","NFC",9,8,0,0.5294117647058824,0.08,0.529,453,427,"26","5 - 4 - 0","4 - 4 - 0","5 - 1 - 0","0.833","7 - 5 - 0","0.583",0,"Kansas City Chiefs"
2022,"Tampa Bay Buccaneers","NFC",8,9,0,0.47058823529411764,0.04,0.471,313,358,"-45","5 - 4 - 0","3 - 5 - 0","4 - 2 - 0","0.667","8 - 4 - 0","0.667",0,"Kansas City Chiefs"
2022,"Washington Commanders","NFC",8,8,1,0.47058823529411764,0.09,0.5,321,343,"-22","4 - 5 - 0","4 - 3 - 1","2 - 3 - 1","0.417","5 - 6 - 1","0.458",0,"Kansas City Chiefs"
2022,"Green Bay Packers","NFC",8,9,0,0.47058823529411764,0.1,0.471,370,371,"-1","5 - 4 - 0","3 - 5 - 0","3 - 3 - 0","0.500","6 - 6 - 0","0.500",0,"Kansas City Chiefs"
2022,"Carolina Panthers","NFC",7,10,0,0.4117647058823529,0.11,0.412,347,374,"-27","5 - 4 - 0","2 - 6 - 0","4 - 2 - 0","0.667","6 - 6 - 0","0.500",0,"Kansas City Chiefs"
2022,"New Orleans Saints","NFC",7,10,0,0.4117647058823529,0.12,0.412,330,345,"-15","4 - 5 - 0","3 - 5 - 0","2 - 4 - 0","0.333","5 - 7 - 0","0.417",0,"Kansas City Chiefs"
2022,"Atlanta Falcons","NFC",7,10,0,0.4117647058823529,0.13,0.412,365,386,"-21","6 - 3 - 0","1 - 7 - 0","2 - 4 - 0","0.333","6 - 6 - 0","0.500",0,"Kansas City Chiefs"
2022,"Los Angeles Rams","NFC",5,12,0,0.29411764705882354,0.14,0.294,307,384,"-77","4 - 5 - 0","1 - 7 - 0","1 - 5 - 0","0.167","3 - 9 - 0","0.250",0,"Kansas City Chiefs"
2022,"Arizona Cardinals","NFC",4,13,0,0.23529411764705882,0.15,0.235,340,449,"-109","1 - 8 - 0","3 - 5 - 0","1 - 5 - 0","0.167","3 - 9 - 0","0.250",0,"Kansas City Chiefs"
2022,"Chicago Bears","NFC",3,14,0,0.17647058823529413,0.16,0.176,326,463,"-137","2 - 7 - 0","1 - 7 - 0","0 - 6 - 0","0.000","1 - 11 - 0","0.083",0,"Kansas City Chiefs"
2023,"Baltimore Ravens","AFC",13,4,0,0.7647058823529411,0.01,0.765,483,280,"203","6 - 3 - 0","7 - 1 - 0","3 - 3 - 0","0.500","8 - 4 - 0","0.667",0,"Kansas City Chiefs"
2023,"Buffalo Bills","AFC",11,6,0,0.6470588235294118,0.02,0.647,451,311,"140","7 - 2 - 0","4 - 4 - 0","4 - 2 - 0","0.667","7 - 5 - 0","0.583",0,"Kansas City Chiefs"
2023,"Kansas City Chiefs","AFC",11,6,0,0.6470588235294118,0.03,0.647,371,294,"77","5 - 4 - 0","6 - 2 - 0","4 - 2 - 0","0.667","9 - 3 - 0","0.750",1,"Kansas City Chiefs"
2023,"Cleveland Browns","AFC",11,6,0,0.6470588235294118,0.05,0.647,396,362,"34","8 - 1 - 0","3 - 5 - 0","3 - 3 - 0","0.500","8 - 4 - 0","0.667",0,"Kansas City Chiefs"
2023,"Miami Dolphins","AFC",11,6,0,0.6470588235294118,0.06,0.647,496,391,"105","7 - 2 - 0","4 - 4 - 0","4 - 2 - 0","0.667","7 - 5 - 0","0.583",0,"Kansas City Chiefs"
2023,"Houston Texans","AFC",10,7,0,0.5882352941176471,0.04,0.588,377,353,"24","6 - 3 - 0","4 - 4 - 0","4 - 2 - 0","0.667","7 - 5 - 0","0.583",0,"Kansas City Chiefs"
2023,"Pittsburgh Steelers","AFC",10,7,0,0.5882352941176471,0.07,0.588,304,324,"-20","5 - 4 - 0","5 - 3 - 0","5 - 1 - 0","0.833","7 - 5 - 0","0.583",0,"Kansas City Chiefs"
2023,"Cincinnati Bengals","AFC",9,8,0,0.5294117647058824,0.08,0.529,366,384,"-18","6 - 3 - 0","3 - 5 - 0","1 - 5 - 0","0.167","4 - 8 - 0","0.333",0,"Kansas City Chiefs"
2023,"Jacksonville Jaguars","AFC",9,8,0,0.5294117647058824,0.09,0.529,377,371,"6","4 - 5 - 0","5 - 3 - 0","4 - 2 - 0","0.667","6 - 6 - 0","0.500",0,"Kansas City Chiefs"
2023,"Indianapolis Colts","AFC",9,8,0,0.5294117647058824,0.1,0.529,396,415,"-19","4 - 5 - 0","5 - 3 - 0","3 - 3 - 0","0.500","7 - 5 - 0","0.583",0,"Kansas City Chiefs"
2023,"Las Vegas Raiders","AFC",8,9,0,0.47058823529411764,0.11,0.471,332,331,"1","6 - 3 - 0","2 - 6 - 0","4 - 2 - 0","0.667","6 - 6 - 0","0.500",0,"Kansas City Chiefs"
2023,"Denver Broncos","AFC",8,9,0,0.47058823529411764,0.12,0.471,357,413,"-56","5 - 4 - 0","3 - 5 - 0","3 - 3 - 0","0.500","5 - 7 - 0","0.417",0,"Kansas City Chiefs"
2023,"New York Jets","AFC",7,10,0,0.4117647058823529,0.13,0.412,268,355,"-87","4 - 5 - 0","3 - 5 - 0","2 - 4 - 0","0.333","4 - 8 - 0","0.333",0,"Kansas City Chiefs"
2023,"Tennessee Titans","AFC",6,11,0,0.35294117647058826,0.14,0.353,305,367,"-62","5 - 4 - 0","1 - 7 - 0","1 - 5 - 0","0.167","4 - 8 - 0","0.333",0,"Kansas City Chiefs"
2023,"Los Angeles Chargers","AFC",5,12,0,0.29411764705882354,0.15,0.294,346,398,"-52","2 - 7 - 0","3 - 5 - 0","1 - 5 - 0","0.167","3 - 9 - 0","0.250",0,"Kansas City Chiefs"
2023,"New England Patriots","AFC",4,13,0,0.23529411764705882,0.16,0.235,236,366,"-130","1 - 8 - 0","3 - 5 - 0","2 - 4 - 0","0.333","4 - 8 - 0","0.333",0,"Kansas City Chiefs"
2023,"San Francisco 49ers","NFC",12,5,0,0.7058823529411765,0.01,0.706,491,298,"193","5 - 3 - 0","7 - 2 - 0","5 - 1 - 0","0.833","10 - 2 - 0","0.833",0,"Kansas City Chiefs"
2023,"Dallas Cowboys","NFC",12,5,0,0.7058823529411765,0.02,0.706,509,315,"194","8 - 0 - 0","4 - 5 - 0","5 - 1 - 0","0.833","9 - 3 - 0","0.750",0,"Kansas City Chiefs"
2023,"Detroit Lions","NFC",12,5,0,0.7058823529411765,0.03,0.706,461,395,"66","6 - 2 - 0","6 - 3 - 0","4 - 2 - 0","0.667","8 - 4 - 0","0.667",0,"Kansas City Chiefs"
2023,"Philadelphia Eagles","NFC",11,6,0,0.6470588235294118,0.05,0.647,433,428,"5","6 - 2 - 0","5 - 4 - 0","4 - 2 - 0","0.667","7 - 5 - 0","0.583",0,"Kansas City Chiefs"
2023,"Los Angeles Rams","NFC",10,7,0,0.5882352941176471,0.06,0.588,404,377,"27","5 - 3 - 0","5 - 4 - 0","5 - 1 - 0","0.833","8 - 4 - 0","0.667",0,"Kansas City Chiefs"
2023,"Tampa Bay Buccaneers","NFC",9,8,0,0.5294117647058824,0.04,0.529,348,325,"23","4 - 4 - 0","5 - 4 - 0","4 - 2 - 0","0.667","7 - 5 - 0","0.583",0,"Kansas City Chiefs"
2023,"Green Bay Packers","NFC",9,8,0,0.5294117647058824,0.07,0.529,383,350,"33","5 - 3 - 0","4 - 5 - 0","4 - 2 - 0","0.667","7 - 5 - 0","0.583",0,"Kansas City Chiefs"
2023,"Seattle Seahawks","NFC",9,8,0,0.5294117647058824,0.08,0.529,364,402,"-38","5 - 3 - 0","4 - 5 - 0","2 - 4 - 0","0.333","7 - 5 - 0","0.583",0,"Kansas City Chiefs"
2023,"New Orleans Saints","NFC",9,8,0,0.5294117647058824,0.09,0.529,402,327,"75","5 - 3 - 0","4 - 5 - 0","4 - 2 - 0","0.667","6 - 6 - 0","0.500",0,"Kansas City Chiefs"
2023,"Minnesota Vikings","NFC",7,10,0,0.4117647058823529,0.1,0.412,344,362,"-18","2 - 6 - 0","5 - 4 - 0","2 - 4 - 0","0.333","6 - 6 - 0","0.500",0,"Kansas City Chiefs"
2023,"Chicago Bears","NFC",7,10,0,0.4117647058823529,0.11,0.412,360,379,"-19","5 - 3 - 0","2 - 7 - 0","2 - 4 - 0","0.333","6 - 6 - 0","0.500",0,"Kansas City Chiefs"
2023,"Atlanta Falcons","NFC",7,10,0,0.4117647058823529,0.12,0.412,321,373,"-52","5 - 3 - 0","2 - 7 - 0","3 - 3 - 0","0.500","4 - 8 - 0","0.333",0,"Kansas City Chiefs"
2023,"New York Giants","NFC",6,11,0,0.35294117647058826,0.13,0.353,266,407,"-141","4 - 4 - 0","2 - 7 - 0","3 - 3 - 0","0.500","5 - 7 - 0","0.417",0,"Kansas City Chiefs"
2023,"Washington Commanders","NFC",4,13,0,0.23529411764705882,0.14,0.235,329,518,"-189","1 - 7 - 0","3 - 6 - 0","0 - 6 - 0","0.000","2 - 10 - 0","0.167",0,"Kansas City Chiefs"
2023,"Arizona Cardinals","NFC",4,13,0,0.23529411764705882,0.15,0.235,330,455,"-125","2 - 6 - 0","2 - 7 - 0","0 - 6 - 0","0.000","3 - 9 - 0","0.250",0,"Kansas City Chiefs"
2023,"Carolina Panthers","NFC",2,15,0,0.11764705882352941,0.16,0.118,236,416,"-180","2 - 6 - 0","0 - 9 - 0","1 - 5 - 0","0.167","1 - 11 - 0","0.083",0,"Kansas City Chiefs"
2024,"Kansas City Chiefs","AFC",15,2,0,0.8823529411764706,0.01,0.882,385,326,"59","8 - 0 - 0","7 - 2 - 0","5 - 1 - 0","0.833","10 - 2 - 0","0.833",0,"Philadelphia Eagles"
2024,"Buffalo Bills","AFC",13,4,0,0.7647058823529411,0.02,0.765,525,368,"157","8 - 0 - 0","5 - 4 - 0","5 - 1 - 0","0.833","9 - 3 - 0","0.750",0,"Philadelphia Eagles"
2024,"Baltimore Ravens","AFC",12,5,0,0.7058823529411765,0.03,0.706,518,361,"157","6 - 2 - 0","6 - 3 - 0","4 - 2 - 0","0.667","8 - 4 - 0","0.667",0,"Philadelphia Eagles"
2024,"Los Angeles Chargers","AFC",11,6,0,0.6470588235294118,0.05,0.647,402,301,"101","5 - 3 - 0","6 - 3 - 0","4 - 2 - 0","0.667","8 - 4 - 0","0.667",0,"Philadelphia Eagles"
2024,"Houston Texans","AFC",10,7,0,0.5882352941176471,0.04,0.588,372,372,"0","5 - 3 - 0","5 - 4 - 0","5 - 1 - 0","0.833","8 - 4 - 0","0.667",0,"Philadelphia Eagles"
2024,"Pittsburgh Steelers","AFC",10,7,0,0.5882352941176471,0.06,0.588,380,347,"33","5 - 3 - 0","5 - 4 - 0","3 - 3 - 0","0.500","7 - 5 - 0","0.583",0,"Philadelphia Eagles"
2024,"Denver Broncos","AFC",10,7,0,0.5882352941176471,0.07,0.588,425,311,"114","6 - 2 - 0","4 - 5 - 0","3 - 3 - 0","0.500","6 - 6 - 0","0.500",0,"Philadelphia Eagles"
2024,"Cincinnati Bengals","AFC",9,8,0,0.5294117647058824,0.08,0.529,472,434,"38","3 - 5 - 0","6 - 3 - 0","3 - 3 - 0","0.500","6 - 6 - 0","0.500",0,"Philadelphia Eagles"
2024,"Indianapolis Colts","AFC",8,9,0,0.47058823529411764,0.09,0.471,377,427,"-50","5 - 3 - 0","3 - 6 - 0","3 - 3 - 0","0.500","7 - 5 - 0","0.583",0,"Philadelphia Eagles"
2024,"Miami Dolphins","AFC",8,9,0,0.47058823529411764,0.1,0.471,345,364,"-19","5 - 3 - 0","3 - 6 - 0","3 - 3 - 0","0.500","6 - 6 - 0","0.500",0,"Philadelphia Eagles"
2024,"New York Jets","AFC",5,12,0,0.29411764705882354,0.11,0.294,338,404,"-66","3 - 5 - 0","2 - 7 - 0","2 - 4 - 0","0.333","5 - 7 - 0","0.417",0,"Philadelphia Eagles"
2024,"Jacksonville Jaguars","AFC",4,13,0,0.23529411764705882,0.12,0.235,320,435,"-115","3 - 5 - 0","1 - 8 - 0","3 - 3 - 0","0.500","4 - 8 - 0","0.333",0,"Philadelphia Eagles"
2024,"New England Patriots","AFC",4,13,0,0.23529411764705882,0.13,0.235,289,417,"-128","2 - 6 - 0","2 - 7 - 0","2 - 4 - 0","0.333","3 - 9 - 0","0.250",0,"Philadelphia Eagles"
2024,"Las Vegas Raiders","AFC",4,13,0,0.23529411764705882,0.14,0.235,309,434,"-125","2 - 6 - 0","2 - 7 - 0","0 - 6 - 0","0.000","3 - 9 - 0","0.250",0,"Philadelphia Eagles"
2024,"Cleveland Browns","AFC",3,14,0,0.17647058823529413,0.15,0.176,258,435,"-177","2 - 6 - 0","1 - 8 - 0","2 - 4 - 0","0.333","3 - 9 - 0","0.250",0,"Philadelphia Eagles"
2024,"Tennessee Titans","AFC",3,14,0,0.17647058823529413,0.16,0.176,311,460,"-149","1 - 7 - 0","2 - 7 - 0","1 - 5 - 0","0.167","3 - 9 - 0","0.250",0,"Philadelphia Eagles"
2024,"Detroit Lions","NFC",15,2,0,0.8823529411764706,0.01,0.882,564,342,"222","7 - 2 - 0","8 - 0 - 0","6 - 0 - 0","1.000","11 - 1 - 0","0.917",0,"Philadelphia Eagles"
2024,"Philadelphia Eagles","NFC",14,3,0,0.8235294117647058,0.02,0.824,463,303,"160","8 - 1 - 0","6 - 2 - 0","5 - 1 - 0","0.833","9 - 3 - 0","0.750",1,"Philadelphia Eagles"
2024,"Minnesota Vikings","NFC",14,3,0,0.8235294117647058,0.05,0.824,432,332,"100","8 - 1 - 0","6 - 2 - 0","4 - 2 - 0","0.667","9 - 3 - 0","0.750",0,"Philadelphia Eagles"
2024,"Washington Commanders","NFC",12,5,0,0.7058823529411765,0.06,0.706,485,391,"94","7 - 2 - 0","5 - 3 - 0","4 - 2 - 0","0.667","9 - 3 - 0","0.750",0,"Philadelphia Eagles"
2024,"Green Bay Packers","NFC",11,6,0,0.6470588235294118,0.07,0.647,460,338,"122","6 - 3 - 0","5 - 3 - 0","1 - 5 - 0","0.167","6 - 6 - 0","0.500",0,"Philadelphia Eagles"
2024,"Tampa Bay Buccaneers","NFC",10,7,0,0.5882352941176471,0.03,0.588,502,385,"117","5 - 4 - 0","5 - 3 - 0","4 - 2 - 0","0.667","8 - 4 - 0","0.667",0,"Philadelphia Eagles"
2024,"Los Angeles Rams","NFC",10,7,0,0.5882352941176471,0.04,0.588,367,386,"-19","5 - 4 - 0","5 - 3 - 0","4 - 2 - 0","0.667","6 - 6 - 0","0.500",0,"Philadelphia Eagles"
2024,"Seattle Seahawks","NFC",10,7,0,0.5882352941176471,0.08,0.588,375,368,"7","3 - 6 - 0","7 - 1 - 0","4 - 2 - 0","0.667","6 - 6 - 0","0.500",0,"Philadelphia Eagles"
2024,"Atlanta Falcons","NFC",8,9,0,0.47058823529411764,0.09,0.471,389,423,"-34","4 - 5 - 0","4 - 4 - 0","4 - 2 - 0","0.667","7 - 5 - 0","0.583",0,"Philadelphia Eagles"
2024,"Arizona Cardinals","NFC",8,9,0,0.47058823529411764,0.1,0.471,400,379,"21","6 - 3 - 0","2 - 6 - 0","3 - 3 - 0","0.500","4 - 8 - 0","0.333",0,"Philadelphia Eagles"
2024,"Dallas Cowboys","NFC",7,10,0,0.4117647058823529,0.11,0.412,350,468,"-118","2 - 7 - 0","5 - 3 - 0","3 - 3 - 0","0.500","5 - 7 - 0","0.417",0,"Philadelphia Eagles"
2024,"San Francisco 49ers","NFC",6,11,0,0.35294117647058826,0.12,0.353,389,436,"-47","4 - 5 - 0","2 - 6 - 0","1 - 5 - 0","0.167","4 - 8 - 0","0.333",0,"Philadelphia Eagles"
2024,"Chicago Bears","NFC",5,12,0,0.29411764705882354,0.13,0.294,310,370,"-60","4 - 5 - 0","1 - 7 - 0","1 - 5 - 0","0.167","3 - 9 - 0","0.250",0,"Philadelphia Eagles"
2024,"Carolina Panthers","NFC",5,12,0,0.29411764705882354,0.14,0.294,341,534,"-193","3 - 6 - 0","2 - 6 - 0","2 - 4 - 0","0.333","4 - 8 - 0","0.333",0,"Philadelphia Eagles"
2024,"New Orleans Saints","NFC",5,12,0,0.29411764705882354,0.15,0.294,338,398,"-60","3 - 6 - 0","2 - 6 - 0","2 - 4 - 0","0.333","4 - 8 - 0","0.333",0,"Philadelphia Eagles"
2024,"New York Giants","NFC",3,14,0,0.17647058823529413,0.16,0.176,273,415,"-142","1 - 8 - 0","2 - 6 - 0","0 - 6 - 0","0.000","1 - 11 - 0","0.083",0,"Philadelphia Eagles"